[{"Label":"MaskOnFace start","Type":1,"TypeString":"Start","Timestamp":764254280498,"TimestampUnix":"1710939080.498"},{"Label":"MaskOnFace end","Type":2,"TypeString":"End","Timestamp":764254290075,"TimestampUnix":"1710939090.075"},{"Label":"MaskOffFace start","Type":1,"TypeString":"Start","Timestamp":764254290075,"TimestampUnix":"1710939090.075"},{"Label":"MaskOffFace end","Type":2,"TypeString":"End","Timestamp":764254291893,"TimestampUnix":"1710939091.893"},{"Label":"MaskOnFace start","Type":2,"TypeString":"End","Timestamp":764254291894,"TimestampUnix":"1710939091.894"},{"Label":"MaskOnFace start","Type":1,"TypeString":"Start","Timestamp":764254291893,"TimestampUnix":"1710939091.893"},{"Label":"MaskOnFace end","Type":2,"TypeString":"End","Timestamp":764254292137,"TimestampUnix":"1710939092.137"},{"Label":"MaskOffFace start","Type":2,"TypeString":"End","Timestamp":764254292137,"TimestampUnix":"1710939092.137"},{"Label":"MaskOffFace start","Type":1,"TypeString":"Start","Timestamp":764254292137,"TimestampUnix":"1710939092.137"},{"Label":"MaskOffFace end","Type":2,"TypeString":"End","Timestamp":764254292350,"TimestampUnix":"1710939092.350"},{"Label":"MaskOnFace start","Type":2,"TypeString":"End","Timestamp":764254292350,"TimestampUnix":"1710939092.350"},{"Label":"MaskOnFace start","Type":1,"TypeString":"Start","Timestamp":764254292350,"TimestampUnix":"1710939092.350"},{"Label":"MaskOnFace end","Type":2,"TypeString":"End","Timestamp":764254293862,"TimestampUnix":"1710939093.862"},{"Label":"MaskOffFace start","Type":2,"TypeString":"End","Timestamp":764254293862,"TimestampUnix":"1710939093.862"},{"Label":"MaskOffFace start","Type":1,"TypeString":"Start","Timestamp":764254293862,"TimestampUnix":"1710939093.862"},{"Label":"MaskOffFace end","Type":2,"TypeString":"End","Timestamp":764254294046,"TimestampUnix":"1710939094.046"},{"Label":"MaskOnFace start","Type":2,"TypeString":"End","Timestamp":764254294046,"TimestampUnix":"1710939094.046"},{"Label":"MaskOnFace start","Type":1,"TypeString":"Start","Timestamp":764254294046,"TimestampUnix":"1710939094.046"},{"Label":"MaskOnFace end","Type":2,"TypeString":"End","Timestamp":764254294048,"TimestampUnix":"1710939094.048"},{"Label":"MaskOffFace start","Type":2,"TypeString":"End","Timestamp":764254294048,"TimestampUnix":"1710939094.048"},{"Label":"MaskOffFace start","Type":1,"TypeString":"Start","Timestamp":764254294048,"TimestampUnix":"1710939094.048"},{"Label":"MaskOffFace end","Type":2,"TypeString":"End","Timestamp":764254294098,"TimestampUnix":"1710939094.098"},{"Label":"MaskOnFace start","Type":2,"TypeString":"End","Timestamp":764254294098,"TimestampUnix":"1710939094.098"},{"Label":"MaskOnFace start","Type":1,"TypeString":"Start","Timestamp":764254294098,"TimestampUnix":"1710939094.098"},{"Label":"MaskOnFace end","Type":2,"TypeString":"End","Timestamp":764254294870,"TimestampUnix":"1710939094.870"},{"Label":"MaskOffFace start","Type":2,"TypeString":"End","Timestamp":764254294870,"TimestampUnix":"1710939094.870"},{"Label":"MaskOffFace start","Type":1,"TypeString":"Start","Timestamp":764254294870,"TimestampUnix":"1710939094.870"},{"Label":"MaskOffFace end","Type":2,"TypeString":"End","Timestamp":764254295270,"TimestampUnix":"1710939095.270"},{"Label":"MaskOnFace start","Type":2,"TypeString":"End","Timestamp":764254295270,"TimestampUnix":"1710939095.270"},{"Label":"MaskOnFace start","Type":1,"TypeString":"Start","Timestamp":764254295270,"TimestampUnix":"1710939095.270"},{"Label":"baselineHR_calibration","Type":1,"TypeString":"Start","Timestamp":764254334440,"TimestampUnix":"1710939134.440"},{"Label":"baselineHR_calibration","Type":2,"TypeString":"End","Timestamp":764254335446,"TimestampUnix":"1710939135.446"},{"Label":"expression_calibration","Type":1,"TypeString":"Start","Timestamp":764254335743,"TimestampUnix":"1710939135.743","Metadata":{"ExpressionType":"Neutral","FaceSide":"Left"}},{"Label":"expression_calibration","Type":2,"TypeString":"End","Timestamp":764254336745,"TimestampUnix":"1710939136.745"},{"Label":"expression_calibration","Type":1,"TypeString":"Start","Timestamp":764254337001,"TimestampUnix":"1710939137.001","Metadata":{"ExpressionType":"Smile","FaceSide":"Left"}},{"Label":"expression_calibration","Type":2,"TypeString":"End","Timestamp":764254338009,"TimestampUnix":"1710939138.009"},{"Label":"expression_calibration","Type":1,"TypeString":"Start","Timestamp":764254338299,"TimestampUnix":"1710939138.299","Metadata":{"ExpressionType":"Neutral","FaceSide":"Left"}},{"Label":"expression_calibration","Type":2,"TypeString":"End","Timestamp":764254339299,"TimestampUnix":"1710939139.299"},{"Label":"expression_calibration","Type":1,"TypeString":"Start","Timestamp":764254340621,"TimestampUnix":"1710939140.621","Metadata":{"ExpressionType":"Frown","FaceSide":"Left"}},{"Label":"expression_calibration","Type":2,"TypeString":"End","Timestamp":764254341632,"TimestampUnix":"1710939141.632"},{"Label":"expression_calibration","Type":1,"TypeString":"Start","Timestamp":764254342154,"TimestampUnix":"1710939142.154","Metadata":{"ExpressionType":"Neutral","FaceSide":"Left"}},{"Label":"expression_calibration","Type":2,"TypeString":"End","Timestamp":764254343166,"TimestampUnix":"1710939143.166"},{"Label":"expression_calibration","Type":1,"TypeString":"Start","Timestamp":764254344242,"TimestampUnix":"1710939144.242","Metadata":{"ExpressionType":"RaisedEyeBrow","FaceSide":"Left"}},{"Label":"expression_calibration","Type":2,"TypeString":"End","Timestamp":764254345252,"TimestampUnix":"1710939145.252"},{"Label":"MaskOnFace end","Type":2,"TypeString":"End","Timestamp":764255047197,"TimestampUnix":"1710939847.197"},{"Label":"MaskOffFace start","Type":2,"TypeString":"End","Timestamp":764255047198,"TimestampUnix":"1710939847.198"},{"Label":"MaskOffFace start","Type":1,"TypeString":"Start","Timestamp":764255047198,"TimestampUnix":"1710939847.198"},{"Label":"MaskOffFace end","Type":2,"TypeString":"End","Timestamp":764255047208,"TimestampUnix":"1710939847.208"},{"Label":"MaskOnFace start","Type":2,"TypeString":"End","Timestamp":764255047208,"TimestampUnix":"1710939847.208"},{"Label":"MaskOnFace start","Type":1,"TypeString":"Start","Timestamp":764255047208,"TimestampUnix":"1710939847.208"},{"Label":"MaskOnFace end","Type":2,"TypeString":"End","Timestamp":764255047215,"TimestampUnix":"1710939847.215"},{"Label":"MaskOffFace start","Type":2,"TypeString":"End","Timestamp":764255047215,"TimestampUnix":"1710939847.215"},{"Label":"MaskOffFace start","Type":1,"TypeString":"Start","Timestamp":764255047215,"TimestampUnix":"1710939847.215"},{"Label":"MaskOffFace end","Type":2,"TypeString":"End","Timestamp":764255047228,"TimestampUnix":"1710939847.228"},{"Label":"MaskOnFace start","Type":2,"TypeString":"End","Timestamp":764255047228,"TimestampUnix":"1710939847.228"},{"Label":"MaskOnFace start","Type":1,"TypeString":"Start","Timestamp":764255047228,"TimestampUnix":"1710939847.228"},{"Label":"MaskOnFace end","Type":2,"TypeString":"End","Timestamp":764255047236,"TimestampUnix":"1710939847.236"},{"Label":"MaskOffFace start","Type":2,"TypeString":"End","Timestamp":764255047237,"TimestampUnix":"1710939847.237"},{"Label":"MaskOffFace start","Type":1,"TypeString":"Start","Timestamp":764255047237,"TimestampUnix":"1710939847.237"},{"Label":"MaskOffFace end","Type":2,"TypeString":"End","Timestamp":764255047247,"TimestampUnix":"1710939847.247"},{"Label":"MaskOnFace start","Type":2,"TypeString":"End","Timestamp":764255047247,"TimestampUnix":"1710939847.247"},{"Label":"MaskOnFace start","Type":1,"TypeString":"Start","Timestamp":764255047247,"TimestampUnix":"1710939847.247"},{"Label":"MaskOnFace end","Type":2,"TypeString":"End","Timestamp":764255047259,"TimestampUnix":"1710939847.259"},{"Label":"MaskOffFace start","Type":2,"TypeString":"End","Timestamp":764255047259,"TimestampUnix":"1710939847.259"},{"Label":"MaskOffFace start","Type":1,"TypeString":"Start","Timestamp":764255047259,"TimestampUnix":"1710939847.259"},{"Label":"MaskOffFace start","Type":2,"TypeString":"End","Timestamp":764255052986,"TimestampUnix":"1710939852.986"},{"Label":"MaskOnFace start","Type":2,"TypeString":"End","Timestamp":764255052986,"TimestampUnix":"1710939852.986"}]